Reynolds Number,Mach Number
67679.55801104972,0.029154518950437316
270718.2320441989,0.11661807580174927
473756.90607734816,0.20408163265306123
676795.5801104973,0.2915451895043732
203038.6740331492,0.029154518950437316
812154.6961325968,0.11661807580174927
1421270.7182320445,0.20408163265306123
2030386.7403314922,0.2915451895043732
338397.7900552487,0.029154518950437316
1353591.1602209948,0.11661807580174927
2368784.530386741,0.20408163265306123
3383977.9005524875,0.2915451895043732
473756.90607734816,0.029154518950437316
1895027.6243093926,0.11661807580174927
3316298.3425414367,0.20408163265306123
4737569.060773482,0.2915451895043732
609116.0220994477,0.029154518950437316
2436464.0883977907,0.11661807580174927
4263812.154696133,0.20408163265306123
6091160.220994477,0.2915451895043732
744475.1381215472,0.029154518950437316
2977900.5524861887,0.11661807580174927
5211325.96685083,0.20408163265306123
7444751.381215473,0.2915451895043732
879834.2541436466,0.029154518950437316
3519337.0165745863,0.11661807580174927
6158839.779005527,0.20408163265306123
8798342.541436467,0.2915451895043732
1015193.3701657463,0.029154518950437316
4060773.4806629852,0.11661807580174927
7106353.591160223,0.20408163265306123
10151933.701657463,0.2915451895043732
1150552.4861878457,0.029154518950437316
4602209.944751383,0.11661807580174927
8053867.403314919,0.20408163265306123
11505524.861878458,0.2915451895043732
1285911.6022099452,0.029154518950437316
5143646.408839781,0.11661807580174927
9001381.215469616,0.20408163265306123
12859116.02209945,0.2915451895043732
1421270.7182320445,0.029154518950437316
5685082.872928178,0.11661807580174927
9948895.027624313,0.20408163265306123
14212707.18232045,0.2915451895043732
